id,name,count,producttype,pname
13546,成品油,2676,3,石油
12170,汽油,1461,4,石油
12162,柴油,1201,4,石油
12167,煤油,8,4,石油
12518,液化石油气,549,3,石油
12513,丙烷,98,4,石油
12521,正丁烷,32,4,石油
12519,异丁烷,25,4,石油
12515,醚后C4,13,4,石油
12514,混合丁烷,11,4,石油
13041,丙烯原料气,6,4,石油
12520,异丁烯,2,4,石油
34309,汽油调和原料,252,3,石油
12512,MTBE,101,4,石油
12517,烷基化油,70,4,石油
12164,混合芳烃,56,4,石油
12163,芳烃汽油,13,4,石油
13042,甲醇汽油,12,4,石油
12546,燃料油,158,3,石油
12542,船用油,55,4,石油
34297,油浆,17,4,石油
13043,蜡油,12,4,石油
34298,渣油,5,4,石油
12291,硫磺,135,3,石油
12172,石脑油,132,3,石油
12293,溶剂油,132,3,石油
12296,石油焦,114,3,石油
12545,沥青,108,3,石油
12289,芳烃溶剂油,85,3,石油
12294,石蜡,77,3,石油
12290,基础油,76,3,石油
12285,白油,54,3,石油
12171,生物柴油,40,3,石油
12166,贸易汽油,16,3,石油
12165,贸易柴油,12,3,石油
13568,原油,11,3,石油
12299,液体石蜡,5,3,石油
12288,煅烧焦,1,3,石油
12065,石油,4634,2,能源
12480,液化天然气,301,3,天然气
12479,压缩天然气,57,3,天然气
13556,天然气,359,2,能源
12713,动力煤,25,3,煤炭
12716,炼焦煤,25,3,煤炭
12707,无烟煤,20,3,煤炭
12734,喷吹煤,10,3,煤炭
13572,煤炭,97,2,能源
27362,能源,5091,1,煤炭
13668,煤焦化,236,3,煤化工
12714,焦炭,111,4,煤化工
12705,粗苯,91,4,煤化工
12730,兰炭,34,4,煤化工
34274,焦油加工,201,3,煤化工
12692,工业萘,53,4,煤化工
12721,煤沥青,46,4,煤化工
12742,蒽油,36,4,煤化工
12762,酚油,27,4,煤化工
12754,洗油,26,4,煤化工
12776,轻油,5,4,煤化工
12696,煤焦油,137,3,煤化工
34294,高温煤焦油,90,4,煤化工
12750,中温煤焦油,41,4,煤化工
12689,加氢纯苯,65,3,煤化工
12169,煤制油,50,3,煤化工
12718,加氢甲苯,27,3,煤化工
12739,加氢二甲苯,26,3,煤化工
12751,重苯,12,3,煤化工
12724,高效低浓减水剂,6,3,煤化工
13671,煤化工,760,2,化工
12608,甲醇,163,3,醇类
12610,乙醇,127,3,醇类
12717,乙二醇,58,3,醇类
12591,正丁醇,40,3,醇类
12654,辛醇,40,3,醇类
12598,异丙醇,35,3,醇类
12599,二乙二醇,34,3,醇类
12588,丙二醇,33,3,醇类
12626,异丁醇,33,3,醇类
12625,聚乙二醇,27,3,醇类
12638,正丙醇,2,3,醇类
12659,季戊四醇,1,3,醇类
12761,二丙酮醇,1,3,醇类
13586,醇类,595,2,化工
13599,聚醚,161,3,聚氨酯
12637,软泡聚醚,45,4,聚氨酯
12667,POP聚醚,30,4,聚氨酯
12618,硬泡聚醚,24,4,聚氨酯
12622,高回弹聚醚,24,4,聚氨酯
12650,弹性体聚醚,24,4,聚氨酯
12577,己二酸,54,3,聚氨酯
12587,TDI,44,3,聚氨酯
12583,聚合MDI,42,3,聚氨酯
12580,新戊二醇,39,3,聚氨酯
12611,BDO,38,3,聚氨酯
12651,DMF,33,3,聚氨酯
12668,纯MDI,32,3,聚氨酯
12681,四氢呋喃,26,3,聚氨酯
12687,PTMEG,24,3,聚氨酯
12660,三羟甲基丙烷,20,3,聚氨酯
12639,鞋底原液,7,3,聚氨酯
34301,聚氨酯,520,2,化工
12702,顺酐,82,3,酸酐类
12711,PTA,51,3,酸酐类
12466,苯酐,50,3,酸酐类
12584,冰醋酸,46,3,酸酐类
12620,醋酸乙烯,42,3,酸酐类
12578,丙烯酸,37,3,酸酐类
12648,氯乙酸,36,3,酸酐类
12685,间苯二甲酸,26,3,酸酐类
12679,醋酐,25,3,酸酐类
12665,VAE乳液,7,3,酸酐类
13623,酸酐类,403,2,化工
12619,醋酸乙酯,43,3,酯类
12582,MMA,35,3,酯类
12647,醋酸丁酯,35,3,酯类
12463,DOP,34,3,酯类
12623,碳酸二甲酯,33,3,酯类
12641,丙烯酸丁酯,32,3,酯类
12674,醋酸仲丁酯,32,3,酯类
12460,DBP,30,3,酯类
12464,DOTP,28,3,酯类
12613,丙烯酸甲酯,24,3,酯类
12673,丙烯酸异辛酯,24,3,酯类
12658,丙烯酸乙酯,20,3,酯类
12462,DINP,12,3,酯类
12664,醋酸正丙酯,3,3,酯类
12461,DIBP,1,3,酯类
13593,酯类,387,2,化工
13798,磷酸盐,118,3,磷化工
12311,磷酸氢钙,54,4,磷化工
12315,三聚磷酸钠,25,4,磷化工
12314,六偏磷酸钠,18,4,磷化工
12309,磷酸二氢钙,11,4,磷化工
12306,焦磷酸钠,6,4,磷化工
12313,磷酸三钠,4,4,磷化工
12305,黄磷,74,3,磷化工
16868,含磷中间体,61,3,磷化工
12316,三氯化磷,35,4,磷化工
12317,三氯氧磷,26,4,磷化工
12307,磷矿石,40,3,磷化工
12310,磷酸二氢钾,29,3,磷化工
12319,亚磷酸,20,3,磷化工
13797,磷化工,342,2,化工
12597,苯乙烯,72,3,芳烃
12624,二甲苯,68,3,芳烃
12606,纯苯,60,3,芳烃
12589,甲苯,49,3,芳烃
12704,PX,44,3,芳烃
12470,邻二甲苯,21,3,芳烃
12304,重芳烃,7,3,芳烃
13038,间二甲苯,1,3,芳烃
13585,芳烃,323,2,化工
13758,烧碱,146,3,氯碱
12356,液碱,93,4,氯碱
12354,片碱,27,4,氯碱
12351,纯碱,77,3,氯碱
12357,液氯,38,3,氯碱
12352,电石,37,3,氯碱
12355,盐酸,6,3,氯碱
13757,氯碱,305,2,化工
12602,环氧丙烷,61,3,中间体
12627,聚羧酸减水剂单体,50,3,中间体
12592,环氧乙烷,48,3,中间体
12603,双酚A,35,3,中间体
12590,非离子表面活性剂,31,3,中间体
12636,环氧氯丙烷,30,3,中间体
12670,阴离子表面活性剂,26,3,中间体
12653,氯化胆碱,22,3,中间体
13603,中间体,303,2,化工
12605,丙烯,111,3,烃类
12944,丁二烯,54,3,烃类
12586,C5,49,3,烃类
12649,戊二烯,31,3,烃类
3286,双环戊二烯,14,4,烃类
2078,异戊二烯,13,4,烃类
3272,间戊二烯,4,4,烃类
12666,C9,26,3,烃类
12621,乙烯焦油,13,3,烃类
12284,乙烯,8,3,烃类
12957,丁烯-1,4,3,烃类
12723,环己烷,3,3,烃类
12775,甲基环己烷,1,3,烃类
34311,烃类,300,2,化工
12634,不饱和树脂,61,3,树脂
12601,环氧树脂,45,3,树脂
12677,C9石油树脂,35,3,树脂
12585,聚乙烯醇,32,3,树脂
12662,C5石油树脂,25,3,树脂
12683,SAP,17,3,树脂
12635,酚醛树脂,7,3,树脂
12671,湿法浆料,5,3,树脂
12656,干法浆料,4,3,树脂
25752,pu浆料,2,3,树脂
13616,树脂,234,2,化工
12292,硫酸,97,3,无机酸
12308,磷酸,68,3,无机酸
12298,硝酸,55,3,无机酸
13591,无机酸,221,2,化工
12595,丁酮,48,3,酚酮
12633,丙酮,40,3,酚酮
12744,环己酮,37,3,酚酮
12630,甲基异丁基酮,35,3,酚酮
12600,苯酚,33,3,酚酮
34277,酚酮,193,2,化工
12579,甲醛,61,3,醛醚
12607,二甲醚,55,3,醛醚
12614,甲缩醛,23,3,醛醚
12615,异丁醛,21,3,醛醚
12684,多聚甲醛,12,3,醛醚
12642,乌洛托品,3,3,醛醚
12643,正丁醛,3,3,醛醚
34276,醛醚,178,2,化工
12581,甘油,41,3,油脂化工
12616,硬脂酸,38,3,油脂化工
12640,脂肪醇,33,3,油脂化工
12467,环氧大豆油,18,3,油脂化工
12468,环氧甲酯,5,3,油脂化工
12644,月桂酸,3,3,油脂化工
12672,皂粒,3,3,油脂化工
12688,单甘酯,3,3,油脂化工
12612,棕榈仁油,2,3,油脂化工
12682,油酸,2,3,油脂化工
12676,棕榈蜡,1,3,油脂化工
34280,油脂化工,149,2,化工
12693,丙烯腈,34,3,胺腈
12632,苯胺,32,3,胺腈
12655,乙醇胺,24,3,胺腈
12763,乙腈,17,3,胺腈
34312,胺腈,107,2,化工
12691,乙二醇单丁醚,25,3,醇醚
12741,丙二醇甲醚醋酸酯,25,3,醇醚
12720,丙二醇甲醚,22,3,醇醚
12787,乙二醇乙醚醋酸酯,22,3,醇醚
13101,二乙二醇单丁醚,3,3,醇醚
13600,醇醚,97,2,化工
12965,二氯甲烷,42,3,氯化物
13000,三氯甲烷,14,3,氯化物
13003,三氯乙烯,7,3,氯化物
12993,四氯乙烯,6,3,氯化物
12995,二氯乙烷,3,3,氯化物
34275,氯化物,72,2,化工
12709,钛白粉,60,3,颜填料
34310,颜填料,60,2,化工
12609,双氧水,55,3,无机氧化物
13840,无机氧化物,56,2,化工
12695,己内酰胺,38,3,酰胺类
12770,丙烯酰胺,9,3,酰胺类
12777,聚丙烯酰胺,5,3,酰胺类
34296,酰胺类,52,2,化工
12736,溴素,39,3,溴化工
16865,溴化工,39,2,化工
12722,活性染料,20,3,染料
12694,分散染料,14,3,染料
13654,染料中间体,2,3,染料
12764,H酸,1,4,染料
13285,对位酯,1,4,染料
13652,染料,36,2,化工
12690,苯丙乳液,16,3,丙烯酸酯下游
13052,丙烯酸乳液,12,3,丙烯酸酯下游
12719,纯丙乳液,7,3,丙烯酸酯下游
13594,丙烯酸酯下游,35,2,化工
13581,化工,5768,1,丙烯酸酯下游
13722,PE,784,3,通用塑料
12277,HDPE,373,4,通用塑料
12278,LDPE,188,4,通用塑料
12279,LLDPE,184,4,通用塑料
13723,PP,762,3,通用塑料
12275,均聚PP粒,449,4,通用塑料
12272,共聚PP粒,258,4,通用塑料
13725,PVC,218,3,通用塑料
12349,PVC粉,165,4,通用塑料
12350,PVC糊,38,4,通用塑料
12271,PP粉,146,3,通用塑料
12604,PS,115,3,通用塑料
12276,EVA,112,3,通用塑料
25749,EPS,90,3,通用塑料
12594,EPS普通料,34,4,通用塑料
12629,EPS阻燃料,34,4,通用塑料
12593,ABS,86,3,通用塑料
13720,塑料管材原料,46,3,通用塑料
12274,聚乙烯管材原料,30,4,通用塑料
12273,聚丙烯管材原料,16,4,通用塑料
12282,茂金属线性聚乙烯,17,3,通用塑料
12280,POE,15,3,通用塑料
12628,AS,3,3,通用塑料
13714,通用塑料,2395,2,塑料
13737,BOPP,163,3,塑料薄膜
12438,BOPP光膜,106,4,塑料薄膜
12440,BOPP消光膜,19,4,塑料薄膜
12441,BOPP珠光膜,8,4,塑料薄膜
12439,BOPP热封膜,5,4,塑料薄膜
12456,胶带母卷,73,3,塑料薄膜
13738,BOPET,73,3,塑料薄膜
12451,PET印刷膜,21,4,塑料薄膜
12446,PET镀铝基材,10,4,塑料薄膜
12449,PET烫金膜,5,4,塑料薄膜
12452,PET转移膜,4,4,塑料薄膜
12448,PET绝缘膜,2,4,塑料薄膜
12450,PET亚光膜,1,4,塑料薄膜
13734,CPP,70,3,塑料薄膜
12444,CPP复合膜,34,4,塑料薄膜
12445,CPP蒸煮膜,11,4,塑料薄膜
12442,CPP镀铝基材,5,4,塑料薄膜
13735,BOPA,37,3,塑料薄膜
12435,BOPA复合膜,13,4,塑料薄膜
12437,BOPA印刷膜,6,4,塑料薄膜
12436,BOPA同步膜,1,4,塑料薄膜
13732,PE膜,26,3,塑料薄膜
12454,PE手用缠绕膜,11,4,塑料薄膜
13740,农用薄膜,26,3,塑料薄膜
12283,双防膜,18,4,塑料薄膜
12281,地膜,1,4,塑料薄膜
13739,镀铝膜,6,3,塑料薄膜
12443,CPP镀铝膜,4,4,塑料薄膜
12447,PET镀铝膜,2,4,塑料薄膜
13729,塑料薄膜,474,2,塑料
25750,PA,112,3,工程塑料
12703,PA6,74,4,工程塑料
12731,PA66,34,4,工程塑料
12596,PC,95,3,工程塑料
12733,聚酯瓶片,80,3,工程塑料
12631,POM,37,3,工程塑料
12706,PBT,35,3,工程塑料
12617,PMMA,31,3,工程塑料
13715,工程塑料,391,2,塑料
13717,再生PE,57,3,再生塑料
12555,再生高压,25,4,再生塑料
12554,再生低压,18,4,再生塑料
12551,再生PP,49,3,再生塑料
12710,再生PET,30,3,再生塑料
12549,再生PA,29,3,再生塑料
12547,再生ABS,24,3,再生塑料
12548,再生EPS,24,3,再生塑料
12550,再生PC,14,3,再生塑料
12552,再生PS,8,3,再生塑料
12553,再生PVC,8,3,再生塑料
13716,再生塑料,244,2,塑料
12471,氯化石蜡,30,3,塑料助剂
12459,CPE,22,3,塑料助剂
12457,ACR,15,3,塑料助剂
13753,塑料助剂,67,2,塑料
13713,塑料,3572,1,塑料助剂
13681,特种合成橡胶,246,3,合成橡胶
12946,三元乙丙橡胶,94,4,合成橡胶
12945,丁腈橡胶,89,4,合成橡胶
12978,异戊二烯橡胶,32,4,合成橡胶
12958,氯丁橡胶,31,4,合成橡胶
13678,通用合成橡胶,225,3,合成橡胶
12951,丁苯橡胶,135,4,合成橡胶
12964,顺丁橡胶,90,4,合成橡胶
12948,SBS,105,3,合成橡胶
27081,丁基橡胶,54,3,合成橡胶
12941,普通丁基橡胶,28,4,合成橡胶
12954,溴化丁基橡胶,8,4,合成橡胶
12967,氯化丁基橡胶,5,4,合成橡胶
12961,SEBS,25,3,合成橡胶
12974,SIS,21,3,合成橡胶
12971,氟橡胶,9,3,合成橡胶
12970,丁苯胶乳,8,3,合成橡胶
12982,丁腈胶乳,7,3,合成橡胶
13677,合成橡胶,701,2,橡胶
12969,炭黑,56,3,橡胶辅料
12956,橡胶促进剂,39,3,橡胶辅料
12943,橡胶防老剂,31,3,橡胶辅料
12989,二硫化碳,1,3,橡胶辅料
34284,橡胶辅料,127,2,橡胶
13674,干胶,41,3,天然橡胶
12960,标准胶,26,4,天然橡胶
12973,混合胶,13,4,天然橡胶
12985,烟片胶,2,4,天然橡胶
12947,天然乳胶,30,3,天然橡胶
13676,天然橡胶原料,3,3,天然橡胶
13673,天然橡胶,94,2,橡胶
12949,全钢轮胎,27,3,轮胎
12962,半钢轮胎,20,3,轮胎
13686,轮胎,47,2,橡胶
13103,再生胶,5,3,废橡胶综合利用
12950,废旧钢丝胎,1,3,废橡胶综合利用
12963,废旧丁基内胎,1,3,废橡胶综合利用
13104,废轮胎胶粉,1,3,废橡胶综合利用
13105,废轮胎毛丝,1,3,废橡胶综合利用
13108,废轮胎口圈,1,3,废橡胶综合利用
34293,废橡胶综合利用,10,2,橡胶
13672,橡胶,980,1,废橡胶综合利用
13638,涤纶长丝,260,3,涤纶
12712,涤纶工业丝,75,4,涤纶
12701,涤纶长丝DTY,64,4,涤纶
12729,涤纶长丝FDY,45,4,涤纶
12749,涤纶长丝POY,38,4,涤纶
12715,聚酯切片,114,3,涤纶
12708,涤纶短纤,97,3,涤纶
13051,涤锦复合丝,26,3,涤纶
13059,聚酯膜片,2,3,涤纶
10951,涤纶,499,2,化纤
12728,再生中空,34,3,再生化纤
13064,再生普纤,34,3,再生化纤
12700,原生中空,26,3,再生化纤
12738,再生长丝,1,3,再生化纤
34285,再生化纤,95,2,化纤
12772,氨纶,66,2,化纤
12699,粘胶短纤,42,3,粘胶纤维
12727,粘胶长丝,13,3,粘胶纤维
13644,粘胶纤维,55,2,化纤
12732,纯涤缝纫线,15,3,化纤纱
12698,纯涤纱,11,3,化纤纱
12726,人棉纱,11,3,化纤纱
12747,涤棉纱,11,3,化纤纱
12748,涤粘纱,2,3,化纤纱
12737,再生化纤纱,1,3,化纤纱
7168,化纤纱,51,2,化纤
13641,锦纶长丝,20,3,锦纶
13265,锦纶帘子布,11,3,锦纶
28315,锦纶短纤,8,3,锦纶
13063,锦纶,47,2,化纤
24207,腈纶短纤,4,3,腈纶
24208,腈纶毛条,2,3,腈纶
24209,腈纶丝束,2,3,腈纶
13062,腈纶,32,2,化纤
13065,丙纶,4,2,化纤
14636,化纤,850,1,丙纶
12235,氧气,236,3,常规气体
12228,氮气,213,3,常规气体
12229,二氧化碳,114,3,常规气体
12232,氢气,66,3,常规气体
34286,常规气体,629,2,工业气体
12234,氩气,197,3,稀有气体
12230,氦气,15,3,稀有气体
12233,氙气,5,3,稀有气体
13094,氪气,2,3,稀有气体
13156,氖气,2,3,稀有气体
13563,稀有气体,221,2,工业气体
12231,六氟化硫,2,3,特种气体
13564,特种气体,2,2,工业气体
13562,工业气体,885,1,特种气体
12400,大蒜,348,3,蔬菜
12403,马铃薯,154,3,蔬菜
12402,辣椒,119,3,蔬菜
12407,洋葱,111,3,蔬菜
12404,生姜,67,3,蔬菜
12405,蒜薹,34,3,蔬菜
12399,大葱,14,3,蔬菜
12406,西红柿,1,3,蔬菜
13023,甘蓝,1,3,蔬菜
13769,蔬菜,849,2,种植业
12540,玉米,270,3,粮食
13783,稻米,185,3,粮食
12189,籼稻,40,4,粮食
12180,粳稻,36,4,粮食
12181,粳米,18,4,粮食
12190,籼米,12,4,粮食
12185,糯米,1,4,粮食
12539,小麦,111,3,粮食
13781,粮食,567,2,种植业
12530,油菜籽,74,3,油料
12525,花生,58,3,油料
12523,大豆,52,3,油料
12531,芝麻,34,3,油料
12431,玉米胚芽,12,3,油料
12528,葵花籽,10,3,油料
13759,油料,241,2,种植业
12175,高粱,46,3,杂粮
12182,绿豆,34,3,杂粮
12179,红小豆,32,3,杂粮
12176,谷子,29,3,杂粮
12191,小米,10,3,杂粮
12186,荞麦,9,3,杂粮
12173,大麦,5,3,杂粮
12192,芸豆,3,3,杂粮
12177,黑豆,2,3,杂粮
13787,杂粮,170,2,种植业
12411,苹果,100,3,水果
12413,香蕉,54,3,水果
13770,水果,154,2,种植业
12369,籽棉,5,3,棉花
16869,棉花,45,2,种植业
34300,种植业,2026,1,棉花
12868,马尾松节油,4,3,松香
12869,马尾松香,4,3,松香
12870,马尾松脂,4,3,松香
12896,湿地松节油,3,3,松香
12897,湿地松香,3,3,松香
12898,湿地松脂,3,3,松香
12899,思茅松香,1,3,松香
12900,思茅松脂,1,3,松香
13008,思茅松节油,1,3,松香
13825,松香,26,2,林业
12903,松香季戊四醇酯,3,3,松香深加工
12902,松香甘油酯,2,3,松香深加工
13031,马林酸树脂,1,3,松香深加工
13826,松香深加工,6,2,林业
14826,林业,32,1,松香深加工
12394,生猪,106,3,猪
13775,猪肉,43,3,猪
12388,白条猪肉,30,4,猪
12398,种猪,5,3,猪
12397,仔猪,1,3,猪
13774,猪,155,2,畜牧业
12391,大肉食毛鸡,62,3,肉鸡
12390,大肉食鸡苗,13,3,肉鸡
12386,817毛鸡,7,3,肉鸡
12393,青脚麻鸡毛鸡,6,3,肉鸡
12389,大肉食分割品,5,3,肉鸡
12392,大肉食种蛋,5,3,肉鸡
27645,黄脚麻鸡,1,3,肉鸡
34411,817鸡苗,1,3,肉鸡
13777,肉鸡,106,2,畜牧业
12385,褐壳鸡蛋,61,3,鸡蛋
12383,粉壳鸡蛋,16,3,鸡蛋
13848,鸡蛋,89,2,畜牧业
12395,樱桃谷肉鸭毛鸭,20,3,鸭
12396,樱桃谷肉鸭鸭苗,11,3,鸭
12387,白条樱桃谷肉鸭,1,3,鸭
13778,鸭,33,2,畜牧业
12384,海兰褐淘汰鸡,18,3,蛋鸡
12382,蛋鸡苗,1,3,蛋鸡
13772,蛋鸡,25,2,畜牧业
13771,畜牧业,409,1,蛋鸡
13762,植物蛋白饲料,241,3,饲料
12417,豆粕,94,4,饲料
12414,DDGS,41,4,饲料
12415,菜粕,30,4,饲料
12432,玉米胚芽粕,19,4,饲料
12430,玉米蛋白粉,18,4,饲料
12433,玉米纤维,18,4,饲料
12421,膨化大豆,14,4,饲料
12526,花生粕,4,4,饲料
12420,柠檬酸渣,1,4,饲料
12532,芝麻粕,1,4,饲料
13764,饲料添加剂,68,3,饲料
12418,赖氨酸,38,4,饲料
12425,苏氨酸,15,4,饲料
12416,蛋氨酸,10,4,饲料
12424,色氨酸,3,4,饲料
12426,维生素B1,1,4,饲料
12428,维生素D3,1,4,饲料
13763,动物蛋白饲料,33,3,饲料
12429,鱼粉,33,4,饲料
13761,饲料,342,2,农副加工业
12216,玉米淀粉,104,3,淀粉
12202,马铃薯淀粉,46,3,淀粉
12215,小麦淀粉,32,3,淀粉
12207,木薯淀粉,17,3,淀粉
12196,谷朊粉,12,3,淀粉
12198,红薯淀粉,10,3,淀粉
12208,木薯干,3,3,淀粉
13788,淀粉,225,2,农副加工业
12524,豆油,63,3,植物油
12522,菜籽油,52,3,植物油
12434,玉米油,37,3,植物油
12534,棕榈油,34,3,植物油
12529,椰子油,8,3,植物油
12527,花生油,2,3,植物油
13760,植物油,196,2,农副加工业
12368,皮棉,70,3,棉业
12365,棉纱,43,3,棉业
12361,棉短绒,18,3,棉业
12364,棉粕,17,3,棉业
12366,棉油,14,3,棉业
12367,棉籽,14,3,棉业
12363,棉壳,8,3,棉业
12360,精制棉,6,3,棉业
12359,纯棉坯布,3,3,棉业
17335,棉业,193,2,农副加工业
13790,淀粉糖,64,3,糖业
12201,结晶葡萄糖,19,4,糖业
12206,麦芽糖浆,19,4,糖业
12197,果葡糖浆,18,4,糖业
12204,麦芽糊精,8,4,糖业
12193,白糖,43,3,糖业
13789,糖业,107,2,农副加工业
12538,面粉,48,3,粮食副产品
12537,糠醛,14,3,粮食副产品
12535,麸皮,8,3,粮食副产品
12536,糠醇,6,3,粮食副产品
12541,玉米芯,6,3,粮食副产品
34282,粮食副产品,82,2,农副加工业
12210,柠檬酸,26,3,食品添加剂
12213,味精,22,3,食品添加剂
12200,黄原胶,6,3,食品添加剂
12211,山梨醇,5,3,食品添加剂
13796,食品添加剂,59,2,农副加工业
13795,农副加工业,1204,1,食品添加剂
12410,南美白对虾,4,3,甲壳类
34281,甲壳类,4,2,渔业
34303,渔业,4,1,甲壳类
12247,尿素,113,3,氮肥
13668,煤焦化,83,3,氮肥
12242,硫酸铵,83,4,氮肥
12250,三聚氰胺,59,3,氮肥
12245,氯化铵,30,3,氮肥
12251,碳酸氢铵,25,3,氮肥
12253,硝酸铵,4,3,氮肥
13811,氮肥,314,2,化肥
12241,磷酸一铵,100,3,磷肥
12240,磷酸二铵,72,3,磷肥
12248,普通过磷酸钙,25,3,磷肥
13810,磷肥,197,2,化肥
12239,合成氨（液氨）,110,3,合成氨
34305,合成氨,110,2,化肥
12237,复合肥,90,3,复合肥料
34279,复合肥料,90,2,化肥
12243,硫酸钾,41,3,钾肥
12246,氯化钾,24,3,钾肥
13809,钾肥,73,2,化肥
13808,化肥,786,1,钾肥
12804,草甘膦,40,3,除草剂
12803,草铵膦,10,3,除草剂
12794,百草枯,5,3,除草剂
13007,乙草胺,4,3,除草剂
12861,精喹禾灵,3,3,除草剂
12871,麦草畏,3,3,除草剂
12928,烟嘧磺隆,3,3,除草剂
12934,莠去津,3,3,除草剂
12797,苯磺隆,2,3,除草剂
12815,二甲戊乐灵,1,3,除草剂
13803,除草剂,74,2,农药
12813,毒死蜱,11,3,杀虫剂
12799,吡虫啉,10,3,杀虫剂
12792,阿维菌素,7,3,杀虫剂
12839,功夫菊酯,5,3,杀虫剂
12892,噻虫嗪,5,3,杀虫剂
12812,啶虫脒,4,3,杀虫剂
12854,甲维盐,4,3,杀虫剂
12800,吡蚜酮,2,3,杀虫剂
13009,氟虫腈,2,3,杀虫剂
12866,螺螨酯,1,3,杀虫剂
12876,灭多威,1,3,杀虫剂
13804,杀虫剂,52,2,农药
12875,嘧菌酯,8,3,杀菌剂
12814,多菌灵,6,3,杀菌剂
12798,苯醚甲环唑,4,3,杀菌剂
12795,百菌清,2,3,杀菌剂
12801,丙环唑,2,3,杀菌剂
12806,代森锰锌,2,3,杀菌剂
12852,己唑醇,2,3,杀菌剂
12893,三环唑,2,3,杀菌剂
12894,三唑酮,2,3,杀菌剂
12924,戊唑醇,2,3,杀菌剂
13805,杀菌剂,32,2,农药
13802,农药,158,1,杀菌剂
12268,螺纹钢,2557,3,建筑钢材
12269,盘螺,256,3,建筑钢材
12270,线材,233,3,建筑钢材
13502,建筑钢材,3098,2,钢铁
12160,普碳中厚板,412,3,板材
12136,彩涂板,267,3,板材
12140,镀锌板,263,3,板材
12149,冷轧板卷,224,3,板材
13509,带钢,182,3,板材
12509,热轧带钢,156,4,板材
12498,镀锌带钢,25,4,板材
12507,冷轧带钢,1,4,板材
12139,镀锡板,69,3,板材
12155,热轧板卷,62,3,板材
12143,硅钢,55,3,板材
13483,基料,30,3,板材
12159,轧硬,10,4,板材
12144,锅炉容器板,9,3,板材
13504,板材,1576,2,钢铁
13853,废钢铁,888,3,炉料
13520,钢坯,83,3,炉料
12503,方坯,56,4,炉料
12496,板坯,3,4,炉料
13517,炉料,972,2,钢铁
13855,结构钢,233,3,优特钢
12156,碳结钢,110,4,优特钢
12146,合结钢,67,4,优特钢
12137,齿轮钢,36,4,优特钢
12142,管坯,18,4,优特钢
13515,工业线材,86,3,优特钢
12147,拉丝材,31,4,优特钢
12158,硬线,30,4,优特钢
12148,冷镦钢,16,4,优特钢
12145,焊线,7,4,优特钢
12152,普碳圆钢,27,3,优特钢
12161,轴承钢,18,3,优特钢
13513,工模钢,14,3,优特钢
12150,模具钢,14,4,优特钢
12138,弹簧钢,12,3,优特钢
13510,优特钢,417,2,钢铁
12474,不锈钢板材,179,3,不锈钢
12478,废不锈钢,74,3,不锈钢
12477,不锈钢型材,37,3,不锈钢
12476,不锈钢管材,29,3,不锈钢
12475,不锈钢带材,3,3,不锈钢
13514,不锈钢,342,2,钢铁
13507,焊管,157,3,钢管
12511,直缝焊管,76,4,钢管
12502,方矩管,47,4,钢管
12508,螺旋管,13,4,钢管
12506,脚手架,1,4,钢管
12510,无缝管,106,3,钢管
12501,热镀锌管,41,3,钢管
12500,镀锌方矩管,21,3,钢管
12499,镀锌带管,13,3,钢管
13485,钢管,341,2,钢铁
12505,角钢,67,3,型钢
12495,H型钢,63,3,型钢
12497,槽钢,62,3,型钢
12504,工字钢,57,3,型钢
34288,型钢,280,2,钢铁
12324,铁精粉,172,3,铁矿石
12323,球团矿,5,3,铁矿石
12326,直接还原铁粉,5,3,铁矿石
12325,铁矿石原矿,3,3,铁矿石
13518,铁矿石,195,2,钢铁
12320,炼钢生铁,64,3,生铁
12327,铸造生铁,51,3,生铁
12322,球墨铸铁,32,3,生铁
12321,球墨铸管,9,3,生铁
13519,生铁,165,2,钢铁
13499,钢铁,7386,1,生铁
12331,废铝,215,3,铝
13529,铝材,51,3,铝
12337,铝箔,23,4,铝
12335,铝板,14,4,铝
12336,铝棒,12,4,铝
12339,铝管,1,4,铝
12328,电解铝,39,3,铝
12340,铝合金锭,37,3,铝
12348,氧化铝,23,3,铝
12345,氢氧化铝,6,3,铝
12341,铝土矿,5,3,铝
13060,铝型材,4,3,铝
13527,铝,380,2,有色金属
12373,废电瓶,90,3,铅
13011,再生铅,31,3,铅
12371,电解铅,23,3,铅
12377,铅精矿,8,3,铅
12370,粗铅,4,3,铅
13530,铅,162,2,有色金属
12488,废铜,97,3,铜
13526,铜材,30,3,铜
12490,铜棒,15,4,铜
12492,铜杆,12,4,铜
12493,铜管,3,4,铜
12487,电解铜,26,3,铜
12494,铜精矿,6,3,铜
13525,铜,159,2,有色金属
12380,氧化锌,36,3,锌
12372,电解锌,31,3,锌
12378,锌合金,6,3,锌
12379,锌精矿,5,3,锌
12374,废锌,3,3,锌
13531,锌,81,2,有色金属
12329,电解镍,30,3,镍
12343,镍铁,8,3,镍
12332,废镍,3,3,镍
12342,镍矿,3,3,镍
12344,镍盐,1,3,镍
13533,镍,51,2,有色金属
12846,硅铁合金,17,3,硅系
12844,硅锰,16,3,硅系
12859,金属硅,11,3,硅系
12841,硅钡,1,3,硅系
12845,硅石,1,3,硅系
13543,硅系,46,2,有色金属
12920,钨精矿,3,3,钨系
12912,碳化硅,2,3,钨系
12922,钨条,2,3,钨系
12923,钨铁,2,3,钨系
12821,废旧钨拉丝磨具,1,3,钨系
12825,废钨棒,1,3,钨系
12826,废钨电极,1,3,钨系
12827,废钨合金棒,1,3,钨系
12828,废钨磨屑料,1,3,钨系
12829,废钨丝,1,3,钨系
12830,废钨条,1,3,钨系
12831,废钨铣刀,1,3,钨系
12832,废钨钻头,1,3,钨系
12847,国产废钨刀片,1,3,钨系
12860,进口废钨刀片,1,3,钨系
12913,碳化钨粉,1,3,钨系
12917,钨粉,1,3,钨系
12918,钨杆,1,3,钨系
12919,钨高比重废料,1,3,钨系
12921,钨酸钠,1,3,钨系
12931,氧化钨,1,3,钨系
12938,仲钨酸铵,1,3,钨系
13005,废钨绞丝,1,3,钨系
13539,钨系,28,2,有色金属
12849,海绵钛,8,3,钛系
12824,废钛,2,3,钛系
12909,钛精矿,2,3,钛系
12911,钛铁,2,3,钛系
12809,等外钛,1,3,钛系
12836,高钛渣,1,3,钛系
12901,四氯化钛,1,3,钛系
12906,钛板,1,3,钛系
12907,钛锭,1,3,钛系
12908,钛管,1,3,钛系
12910,钛丝,1,3,钛系
13542,钛系,21,2,有色金属
12879,钼精矿,7,3,钼系
12884,钼铁,4,3,钼系
12883,钼条,2,3,钼系
12822,废钼,1,3,钼系
12877,钼粉,1,3,钼系
12878,钼杆,1,3,钼系
12880,钼丝,1,3,钼系
12881,钼酸铵,1,3,钼系
12882,钼酸钠,1,3,钼系
13049,氧化钼,1,3,钼系
13540,钼系,20,2,有色金属
12925,稀土,17,2,有色金属
12874,锰铁,7,3,锰系
12873,锰矿,4,3,锰系
12834,富锰渣,2,3,锰系
12848,国产锰矿,2,3,锰系
12811,电解锰,1,3,锰系
13544,锰系,16,2,有色金属
12330,电解锡,9,3,锡
12333,废锡,6,3,锡
13532,锡,15,2,有色金属
12819,钒铁,6,3,钒系
12816,钒氮合金,1,3,钒系
12817,钒矿,1,3,钒系
12818,钒铝合金,1,3,钒系
12833,粉钒,1,3,钒系
12857,金属钒,1,3,钒系
12889,偏钒酸铵,1,3,钒系
12890,片钒,1,3,钒系
13541,钒系,13,2,有色金属
12838,铬铁,3,3,铬系
12837,铬矿,2,3,铬系
12843,硅铬,1,3,铬系
12858,金属铬,1,3,铬系
12929,氧化铬,1,3,铬系
13545,铬系,8,2,有色金属
12872,镁锭,5,3,镁系
34170,镁合金,1,3,镁系
34306,镁系,6,2,有色金属
12810,电解钴,4,3,钴系
12865,硫酸钴,1,3,钴系
34290,钴系,5,2,有色金属
12851,黄金,2,3,贵金属
12793,白银,1,3,贵金属
34292,贵金属,3,2,有色金属
12885,铌铁,2,3,稀有小金属
34295,稀有小金属,2,2,有色金属
13522,有色金属,1034,1,稀有小金属
12262,浮法玻璃,562,3,玻璃
6930,光伏玻璃,59,3,玻璃
13634,玻璃纤维,56,3,玻璃
12266,无碱玻璃纤维纱,37,4,玻璃
12267,中碱玻璃纤维纱,11,4,玻璃
12261,镀膜玻璃,37,3,玻璃
12259,玻璃球,7,3,玻璃
13814,玻璃,721,2,建材
13817,通用水泥,272,3,水泥
12264,普通硅酸盐水泥,146,4,水泥
12263,复合硅酸盐水泥,87,4,水泥
13029,矿渣硅酸盐水泥,6,4,水泥
12265,水泥熟料,47,3,水泥
13816,水泥,319,2,建材
13812,建材,1040,1,水泥
12574,箱板纸,155,3,包装用纸
12573,瓦楞纸,87,3,包装用纸
12556,白板纸,62,3,包装用纸
12557,白卡纸,57,3,包装用纸
12569,纱管纸,30,3,包装用纸
12565,牛皮纸,7,3,包装用纸
31380,灰板纸,3,3,包装用纸
13819,包装用纸,402,2,造纸
13482,木浆,97,3,纸浆
12862,阔叶浆,37,4,纸浆
12937,针叶浆,33,4,纸浆
12850,化机浆,15,4,纸浆
12796,本色浆,4,4,纸浆
7174,非木浆,26,3,纸浆
12835,甘蔗浆,9,4,纸浆
12916,苇浆,7,4,纸浆
12939,竹浆,7,4,纸浆
13010,溶解浆,5,3,纸浆
13822,纸浆,137,2,造纸
12572,双铜纸,43,3,文化印刷用纸
12571,双胶纸,42,3,文化印刷用纸
12567,轻型纸,5,3,文化印刷用纸
12560,复印纸,3,3,文化印刷用纸
12570,书写纸,1,3,文化印刷用纸
12575,新闻纸,1,3,文化印刷用纸
34308,文化印刷用纸,96,2,造纸
12559,废黄板纸,65,3,废纸
12823,废书页纸,13,3,废纸
12563,美废,7,3,废纸
12820,废纯报纸,4,3,废纸
13823,废纸,94,2,造纸
12564,木浆生活用纸,22,3,生活用纸
12576,竹浆生活用纸,12,3,生活用纸
12561,甘蔗浆生活用纸,8,3,生活用纸
12562,混浆生活用纸,1,3,生活用纸
13820,生活用纸,69,2,造纸
6928,造纸,800,1,生活用纸
13699,制冷剂,106,3,氟化工
12968,制冷剂R22,28,4,氟化工
12979,制冷剂R32,24,4,氟化工
12955,制冷剂R134a,22,4,氟化工
12942,制冷剂R125,21,4,氟化工
13109,制冷剂R410a,6,4,氟化工
13110,制冷剂R152a,4,4,氟化工
13111,制冷剂R142b,1,4,氟化工
12998,萤石,81,3,氟化工
13700,氟聚合物,71,3,氟化工
12996,聚四氟乙烯,52,4,氟化工
13001,六氟丙烯,8,4,氟化工
12940,聚偏氟乙烯,6,4,氟化工
12991,聚全氟乙丙烯,5,4,氟化工
13701,氟化盐,63,3,氟化工
12977,氟化铝,35,4,氟化工
12953,冰晶石,26,4,氟化工
12986,氟化钠,2,4,氟化工
12952,无水氢氟酸,39,3,氟化工
13696,氟化工,360,2,氟硅
13703,有机硅中间体,35,3,硅化工
13071,DMC,10,4,硅化工
13072,D4,4,4,硅化工
13067,气相白炭黑,29,3,硅化工
13066,沉淀白炭黑,16,3,硅化工
12988,硅油,15,3,硅化工
13707,硅橡胶,13,3,硅化工
13068,107硅橡胶,7,4,硅化工
13069,110硅橡胶,6,4,硅化工
12997,硅烷偶联剂,7,3,硅化工
13479,有机硅单体,5,3,硅化工
13070,硅橡胶混炼胶,3,3,硅化工
13704,硅化工,123,2,氟硅
34302,氟硅,483,1,硅化工
12697,碳酸锂,38,3,基础锂盐
12725,氢氧化锂,19,3,基础锂盐
12746,氯化锂,1,3,基础锂盐
13662,基础锂盐,58,2,锂电池材料
31192,三元材料,21,3,正极材料
13321,磷酸铁锂,9,3,正极材料
13324,锰酸锂,9,3,正极材料
13325,钴酸锂,8,3,正极材料
13663,正极材料,51,2,锂电池材料
34304,锂电池材料,109,1,正极材料